SLUG GALERIE,ORDRE,SRC,ALT,LÉGENDE FR,LÉGENDE EN,TAG FR,TAG EN
## Identifiant de la galerie concernée (doit correspondre à la colonne SLUG de galleries.csv),Ordre d'affichage dans la galerie (1=première photo),Chemin de la photo depuis la racine du site (ex: uploads/photo.jpg),Texte alternatif pour l'accessibilité et le SEO,Légende affichée sous la photo en français (visible en mode lightbox),Légende affichée sous la photo en anglais,Badge/tag affiché sur la miniature en français (ex: Gala · 2026),Badge/tag affiché sur la miniature en anglais
begins,1,uploads/begins-2025-extra-01.jpg,Begins 2025 — photo 1,,,,
begins,2,uploads/begins-2025-extra-02.jpg,Begins 2025 — photo 2,,,,
begins,3,uploads/begins-2025-01.jpg,Begins 2025 — photo 3,,,,
begins,4,uploads/begins-2025-extra-04.jpg,Begins 2025 — photo 4,,,,
begins,5,uploads/begins-2025-extra-05.jpg,Begins 2025 — photo 5,,,,
begins,6,uploads/begins-2025-02.jpg,Begins 2025 — photo 6,,,,
begins,7,uploads/begins-2025-03.jpg,Begins 2025 — photo 7,,,,
begins,8,uploads/begins-2025-extra-08.jpg,Begins 2025 — photo 8,,,,
begins,9,uploads/begins-2025-extra-09.jpg,Begins 2025 — photo 9,,,,
begins,10,uploads/begins-2025-extra-10.jpg,Begins 2025 — photo 10,,,,
begins,11,uploads/begins-2025-04.jpg,Begins 2025 — photo 11,,,,
begins,12,uploads/begins-2025-extra-12.jpg,Begins 2025 — photo 12,,,,
begins,13,uploads/begins-2025-05.jpg,Begins 2025 — photo 13,,,,
begins,14,uploads/begins-2025-extra-14.jpg,Begins 2025 — photo 14,,,,
begins,15,uploads/begins-2025-extra-15.jpg,Begins 2025 — photo 15,,,,
begins,16,uploads/begins-2025-06.jpg,Begins 2025 — photo 16,,,,
begins,17,uploads/begins-2025-extra-17.jpg,Begins 2025 — photo 17,,,,
begins,18,uploads/begins-2025-extra-18.jpg,Begins 2025 — photo 18,,,,
begins,19,uploads/begins-2025-extra-19.jpg,Begins 2025 — photo 19,,,,
begins,20,uploads/begins-2025-07.jpg,Begins 2025 — photo 20,,,,
begins,21,uploads/begins-2025-extra-21.jpg,Begins 2025 — photo 21,,,,
begins,22,uploads/begins-2025-08.jpg,Begins 2025 — photo 22,,,,
begins,23,uploads/begins-2025-extra-23.jpg,Begins 2025 — photo 23,,,,
begins,24,uploads/begins-2025-extra-24.jpg,Begins 2025 — photo 24,,,,
begins,25,uploads/begins-2025-09.jpg,Begins 2025 — photo 25,,,,
begins,26,uploads/begins-2025-extra-26.jpg,Begins 2025 — photo 26,,,,
begins,27,uploads/begins-2025-extra-27.jpg,Begins 2025 — photo 27,,,,
begins,28,uploads/begins-2025-extra-28.jpg,Begins 2025 — photo 28,,,,
begins,29,uploads/begins-2025-11.jpg,Begins 2025 — photo 29,,,,
begins,30,uploads/begins-2025-extra-30.jpg,Begins 2025 — photo 30,,,,
begins,31,uploads/begins-2025-extra-31.jpg,Begins 2025 — photo 31,,,,
begins,32,uploads/begins-2025-extra-32.jpg,Begins 2025 — photo 32,,,,
begins,33,uploads/begins-2025-extra-33.jpg,Begins 2025 — photo 33,,,,
begins,34,uploads/begins-2025-extra-34.jpg,Begins 2025 — photo 34,,,,
croisette,1,uploads/croisette-2025-01.jpg,La Croisette 2025 — photo 1,,,,
croisette,2,uploads/croisette-2025-02.jpg,La Croisette 2025 — photo 2,,,,
croisette,3,uploads/croisette-2025-extra-03.jpg,La Croisette 2025 — photo 3,,,,
croisette,4,uploads/croisette-2025-03.jpg,La Croisette 2025 — photo 4,,,,
croisette,5,uploads/croisette-2025-extra-05.jpg,La Croisette 2025 — photo 5,,,,
croisette,6,uploads/croisette-2025-04.jpg,La Croisette 2025 — photo 6,,,,
croisette,7,uploads/croisette-2025-extra-07.jpg,La Croisette 2025 — photo 7,,,,
croisette,8,uploads/croisette-2025-05.jpg,La Croisette 2025 — photo 8,,,,
croisette,9,uploads/croisette-2025-06.jpg,La Croisette 2025 — photo 9,,,,
croisette,10,uploads/croisette-2025-extra-10.jpg,La Croisette 2025 — photo 10,,,,
croisette,11,uploads/croisette-2025-07.jpg,La Croisette 2025 — photo 11,,,,
croisette,12,uploads/croisette-2025-extra-12.jpg,La Croisette 2025 — photo 12,,,,
croisette,13,uploads/croisette-2025-08.jpg,La Croisette 2025 — photo 13,,,,
croisette,14,uploads/croisette-2025-extra-14.jpg,La Croisette 2025 — photo 14,,,,
croisette,15,uploads/croisette-2025-extra-15.jpg,La Croisette 2025 — photo 15,,,,
croisette,16,uploads/croisette-2025-extra-16.jpg,La Croisette 2025 — photo 16,,,,
croisette,17,uploads/croisette-2025-extra-17.jpg,La Croisette 2025 — photo 17,,,,
croisette,18,uploads/croisette-2025-09.jpg,La Croisette 2025 — photo 18,,,,
croisette,19,uploads/croisette-2025-10.jpg,La Croisette 2025 — photo 19,,,,
croisette,20,uploads/croisette-2025-extra-20.jpg,La Croisette 2025 — photo 20,,,,
croisette,21,uploads/croisette-2025-extra-21.jpg,La Croisette 2025 — photo 21,,,,
croisette,22,uploads/croisette-2025-extra-22.jpg,La Croisette 2025 — photo 22,,,,
dauphinend,1,uploads/DSC04666-scaled.jpg,Dauph'End 2026,La grande finale,,Dauph'End · 2026,
dauphinend,2,uploads/DSC04545-scaled.jpg,Dauph'End 2026,Dernière nuit de l'année,,Dauph'End · 2026,
dauphinend,3,uploads/DSC04479-scaled.jpg,Dauph'End 2026,Ambiance de fin d'année,,Dauph'End · 2026,
dauphinend,4,uploads/DSC04433-scaled.jpg,Dauph'End 2026,Avant l'été,,Dauph'End · 2026,
dauphinend,5,uploads/DSC04400-scaled.jpg,Dauph'End 2026,Les derniers moments,,Dauph'End · 2026,
dauphinend,6,uploads/DSC04346-scaled.jpg,Dauph'End 2026,À l'année prochaine,,Dauph'End · 2026,
gala,1,uploads/gala-2026-3.jpg,Gala Dauphine 2026 — photo 1,,,,
gala,2,uploads/gala-2026-4.jpg,Gala Dauphine 2026 — photo 2,,,,
gala,3,uploads/gala-2026-5.jpg,Gala Dauphine 2026 — photo 3,,,,
gala,4,uploads/gala-2026-7.jpg,Gala Dauphine 2026 — photo 4,,,,
gala,5,uploads/gala-2026-10.jpg,Gala Dauphine 2026 — photo 5,,,,
gala,6,uploads/gala-2026-12.jpg,Gala Dauphine 2026 — photo 6,,,,
gala,7,uploads/gala-2026-14.jpg,Gala Dauphine 2026 — photo 7,,,,
gala,8,uploads/gala-2026-20.jpg,Gala Dauphine 2026 — photo 8,,,,
gala,9,uploads/gala-2026-22.jpg,Gala Dauphine 2026 — photo 9,,,,
gala,10,uploads/gala-2026-23.jpg,Gala Dauphine 2026 — photo 10,,,,
gala,11,uploads/gala-2026-30.jpg,Gala Dauphine 2026 — photo 11,,,,
gala,12,uploads/gala-2026-31.jpg,Gala Dauphine 2026 — photo 12,,,,
gala,13,uploads/gala-2026-42.jpg,Gala Dauphine 2026 — photo 13,,,,
gala,14,uploads/gala-2026-45.jpg,Gala Dauphine 2026 — photo 14,,,,
gala,15,uploads/gala-2026-47.jpg,Gala Dauphine 2026 — photo 15,,,,
gala,16,uploads/gala-2026-52.jpg,Gala Dauphine 2026 — photo 16,,,,
gala,17,uploads/gala-2026-57.jpg,Gala Dauphine 2026 — photo 17,,,,
gala,18,uploads/gala-2026-62.jpg,Gala Dauphine 2026 — photo 18,,,,
gala,19,uploads/gala-2026-67.jpg,Gala Dauphine 2026 — photo 19,,,,
gala,20,uploads/gala-2026-82.jpg,Gala Dauphine 2026 — photo 20,,,,
gala,21,uploads/gala-2026-83.jpg,Gala Dauphine 2026 — photo 21,,,,
gala,22,uploads/gala-2026-84.jpg,Gala Dauphine 2026 — photo 22,,,,
gala,23,uploads/gala-2026-86.jpg,Gala Dauphine 2026 — photo 23,,,,
gala,24,uploads/gala-2026-87.jpg,Gala Dauphine 2026 — photo 24,,,,
gala,25,uploads/gala-2026-106.jpg,Gala Dauphine 2026 — photo 25,,,,
gala,26,uploads/gala-2026-107.jpg,Gala Dauphine 2026 — photo 26,,,,
gala,27,uploads/gala-2026-130.jpg,Gala Dauphine 2026 — photo 27,,,,
gala,28,uploads/gala-2026-149.jpg,Gala Dauphine 2026 — photo 28,,,,
gala,29,uploads/gala-2026-156.jpg,Gala Dauphine 2026 — photo 29,,,,
gala,30,uploads/gala-2026-180.jpg,Gala Dauphine 2026 — photo 30,,,,
gala,31,uploads/gala-2026-189.jpg,Gala Dauphine 2026 — photo 31,,,,
gala,32,uploads/gala-2026-194.jpg,Gala Dauphine 2026 — photo 32,,,,
gala,33,uploads/gala-2026-196.jpg,Gala Dauphine 2026 — photo 33,,,,
gala,34,uploads/gala-2026-208.jpg,Gala Dauphine 2026 — photo 34,,,,
gala,35,uploads/gala-2026-212.jpg,Gala Dauphine 2026 — photo 35,,,,
gala,36,uploads/gala-2026-213.jpg,Gala Dauphine 2026 — photo 36,,,,
gala,37,uploads/gala-2026-215.jpg,Gala Dauphine 2026 — photo 37,,,,
gala,38,uploads/gala-2026-217.jpg,Gala Dauphine 2026 — photo 38,,,,
gala,39,uploads/gala-2026-218.jpg,Gala Dauphine 2026 — photo 39,,,,
gala,40,uploads/gala-2026-221.jpg,Gala Dauphine 2026 — photo 40,,,,
gala,41,uploads/gala-2026-231.jpg,Gala Dauphine 2026 — photo 41,,,,
gala,42,uploads/gala-2026-236.jpg,Gala Dauphine 2026 — photo 42,,,,
gala,43,uploads/gala-2026-248.jpg,Gala Dauphine 2026 — photo 43,,,,
gala,44,uploads/gala-2026-255.jpg,Gala Dauphine 2026 — photo 44,,,,
gala,45,uploads/gala-2026-257.jpg,Gala Dauphine 2026 — photo 45,,,,
gala,46,uploads/gala-2026-259.jpg,Gala Dauphine 2026 — photo 46,,,,
gala,47,uploads/gala-2026-291.jpg,Gala Dauphine 2026 — photo 47,,,,
gala,48,uploads/gala-2026-304.jpg,Gala Dauphine 2026 — photo 48,,,,
gala,49,uploads/gala-2026-313.jpg,Gala Dauphine 2026 — photo 49,,,,
gala,50,uploads/gala-2026-319.jpg,Gala Dauphine 2026 — photo 50,,,,
gala,51,uploads/gala-2026-332.jpg,Gala Dauphine 2026 — photo 51,,,,
gala,52,uploads/gala-2026-338.jpg,Gala Dauphine 2026 — photo 52,,,,
gala,53,uploads/gala-2026-343.jpg,Gala Dauphine 2026 — photo 53,,,,
gala,54,uploads/gala-2026-345.jpg,Gala Dauphine 2026 — photo 54,,,,
howwedau,1,uploads/cap-145216.png,Gazo How We Dau 2026,Gazo sur scène — énergie brute,Gazo on stage — raw energy,Showcase,
howwedau,2,uploads/DSC05863-scaled.jpg,How We Dau 2026 ambiance,La foule en fusion,The crowd on fire,Ambiance,Atmosphere
howwedau,3,uploads/DSC05851-scaled.jpg,How We Dau 2026,Lumières et basses — ambiance club,Lights and bass — club atmosphere,Club,
howwedau,4,uploads/DSC05819-scaled.jpg,How We Dau 2026 public,La communauté Dauphine réunie,The Dauphine community together,Public,Crowd
nuitdauphine,1,uploads/DSC05851-scaled.jpg,Nuit Dauphine 2026 VANCO,VANCO on stage,,Nuit Dauphine · 2026,
nuitdauphine,2,uploads/DSC04545-scaled.jpg,Nuit Dauphine 2026,La salle en feu,,Nuit Dauphine · 2026,
nuitdauphine,3,uploads/DSC04479-scaled.jpg,Nuit Dauphine 2026,Lumières et fumée,,Nuit Dauphine · 2026,
nuitdauphine,4,uploads/DSC04433-scaled.jpg,Nuit Dauphine 2026,Dans la fosse,,Nuit Dauphine · 2026,
nuitdauphine,5,uploads/DSC04400-scaled.jpg,Nuit Dauphine 2026,Set de minuit,,Nuit Dauphine · 2026,
nuitdauphine,6,uploads/DSC04346-scaled.jpg,Nuit Dauphine 2026,Jusqu'au bout de la nuit,,Nuit Dauphine · 2026,
prixmode,1,uploads/DSC04479-scaled.jpg,Prix Mode 2026,Ouverture du défilé,,Prix Mode · 2026,
prixmode,2,uploads/DSC04545-scaled.jpg,Prix Mode 2026,Les créateurs sur scène,,Prix Mode · 2026,
prixmode,3,uploads/DSC04433-scaled.jpg,Prix Mode 2026,Ambiance avant-show,,Prix Mode · 2026,
prixmode,4,uploads/DSC04400-scaled.jpg,Prix Mode 2026,Dans les coulisses,,Prix Mode · 2026,
prixmode,5,uploads/DSC04346-scaled.jpg,Prix Mode 2026,La remise des prix,,Prix Mode · 2026,
prixmode,6,uploads/DSC04314-scaled.jpg,Prix Mode 2026,Soirée de clôture,,Prix Mode · 2026,
wei,1,uploads/DSC04545-scaled.jpg,WEI 2026,Arrivée sur le site,,WEI · 2026,
wei,2,uploads/DSC04479-scaled.jpg,WEI 2026,Les activités du jour,,WEI · 2026,
wei,3,uploads/DSC04433-scaled.jpg,WEI 2026,Soirée du vendredi,,WEI · 2026,
wei,4,uploads/DSC04400-scaled.jpg,WEI 2026,Ambiance 3h du matin,,WEI · 2026,
wei,5,uploads/DSC04346-scaled.jpg,WEI 2026,Photo de promo,,WEI · 2026,
wei,6,uploads/DSC04314-scaled.jpg,WEI 2026,Le retour à Paris,,WEI · 2026,
